,Track Name,Length,URL
0,Blunda , 00:03:32 ,http://open.spotify.com/track/49I7QPn7L2aZHnXp3gK3jn
1,Big Sky , 00:04:03 ,http://open.spotify.com/track/1e6PKJmQ5fV0VHwD31GPQK
2,Endless Nights , 00:02:58 ,http://open.spotify.com/track/1khJhtT78fpUbjiZCH1rLV
3,Te Urewera , 00:03:04 ,http://open.spotify.com/track/5phPjqe0T4phCAXczNnYgS
4,Halvmåne , 00:02:37 ,http://open.spotify.com/track/5YXN6JEpHIGcskwqrDzi9g
5,Phaedra , 00:03:16 ,http://open.spotify.com/track/6GEYh8JguL5MIh5Uz5h0zL
6,Eyes of Redemption , 00:03:03 ,http://open.spotify.com/track/4sgncJrSzijkzs0oEEyOcn
7,Sogno Illuminum , 00:02:20 ,http://open.spotify.com/track/2XwakW5X0FkLa7xGfgDwot
8,Ethereal , 00:03:17 ,http://open.spotify.com/track/19Veznfh8J7ZPLs9kgK1Kq
9,Vilán , 00:02:51 ,http://open.spotify.com/track/6Qsxgw4T1okHKm2oPkLOxC
10,Mind , 00:02:31 ,http://open.spotify.com/track/7DvR34weBiIehUpND2sN6O
11,Huitussi , 00:02:57 ,http://open.spotify.com/track/5gDjNqBVupjXg9FpgVQ68c
12,Voyage De La Nuit , 00:03:21 ,http://open.spotify.com/track/24lJCQciPgJBhRrij2Faa5
13,Salaio , 00:02:36 ,http://open.spotify.com/track/3JtiHgyAOj8mvHUi5zR3Sq
14,Blua Aero , 00:02:08 ,http://open.spotify.com/track/3ff3N25wTsj8T1mf2gMTQp
15,El Limbo , 00:03:12 ,http://open.spotify.com/track/7qxiypBdH5wy621o3DATXE
16,East Coast Stories , 00:02:44 ,http://open.spotify.com/track/6G0756SmteKsCuObcKWqWP
17,Arrival , 00:03:05 ,http://open.spotify.com/track/3jaCuiu5pvF2e7XnSi1NBw
18,Sylarna , 00:04:04 ,http://open.spotify.com/track/3qbZGh0o76ZCq2dI32cF9o
19,In Bloom , 00:02:55 ,http://open.spotify.com/track/1ve6TCi0O78ypM3pyeXyYy
20,Quand je te vois , 00:03:18 ,http://open.spotify.com/track/0ydR92kMvsKzbHskETB2QR
21,Breath Of Life , 00:02:34 ,http://open.spotify.com/track/0whxteXpbXv6WUTOfAtmZb
22,No One Knows , 00:03:14 ,http://open.spotify.com/track/55cj9j5lNgAsKIYjX2mJLm
23,Catharsis , 00:02:46 ,http://open.spotify.com/track/0lDLcIR8XdXwXD4rzEUVMb
24,Hibernation , 00:03:36 ,http://open.spotify.com/track/1mYTROYR85RaiaVEtQztis
25,Moments , 00:03:24 ,http://open.spotify.com/track/0UtZUu5j2Ye9QDxWyhReTx
26,Shimmer in the Morning , 00:02:06 ,http://open.spotify.com/track/0oZcBTfv9wd9Oh2JBicCmz
27,Malam Damai , 00:03:45 ,http://open.spotify.com/track/6D70aCXcWTHKQwKF0UwEXK
28,Deep breaths , 00:02:11 ,http://open.spotify.com/track/1XhhBtMKmNGM4yfgMZQVxf
29,Desiderio , 00:03:26 ,http://open.spotify.com/track/0wOCx6BAKo9ZSpejgL8C2Y
30,Affection , 00:03:22 ,http://open.spotify.com/track/3B4B5r2IFmxVxE0fl7wQ6a
31,Sleep Hibernation , 00:02:55 ,http://open.spotify.com/track/0ek2PwrDkUWRqoaTq6WKDj
32,Anatomy of Change , 00:02:24 ,http://open.spotify.com/track/1kh6iEcYhNL6jbMr5BVEVG
33,Langeland , 00:03:02 ,http://open.spotify.com/track/6vZRJSlkmxAEDb51WeqZFC
34,Our Days , 00:03:15 ,http://open.spotify.com/track/57GPIJhz0kkO8YfcGN5bBV
35,Day One , 00:03:42 ,http://open.spotify.com/track/4ahkHICHrJKitc3ki96AAY
36,Sigiriya , 00:02:48 ,http://open.spotify.com/track/11tgd8lU2eFk0DNqMTEqtT
37,Ut Ameris Amabilis Esto , 00:03:04 ,http://open.spotify.com/track/63c4hUw16NhQGrTyaoyj0M
38,Miho no Matsubara , 00:02:53 ,http://open.spotify.com/track/216t4yl7TJeh6nlmF7mBOK
39,Muer , 00:03:33 ,http://open.spotify.com/track/1InzFeMtTWJIWBIfcvVwMu
40,Arriving , 00:03:12 ,http://open.spotify.com/track/730JGpAFz7uj2i53ySidzR
41,Orbital , 00:02:24 ,http://open.spotify.com/track/2sqE9z7rJlzV5ZgieeUatU
42,Neda , 00:02:35 ,http://open.spotify.com/track/09h39o0t13MWKIkLRuzAOE
43,Insua , 00:02:41 ,http://open.spotify.com/track/4jAgDrorjMDaqWCB8oVzK1
44,Colors , 00:04:04 ,http://open.spotify.com/track/1DuxD8wBMdWvovBVcYkWwN
45,First Light , 00:03:27 ,http://open.spotify.com/track/2cORfXMu4qiWSzMXftcdII
46,Suilven , 00:03:58 ,http://open.spotify.com/track/3mNYWG8IAA5pCcPzuZ3jnU
47,Sunset , 00:03:21 ,http://open.spotify.com/track/4gpqUShgtvlOZbtcVLjBM0
48,Teach Me , 00:03:06 ,http://open.spotify.com/track/1yie0sbCLfoPN3NJq7oASy
49,Lucerne , 00:03:17 ,http://open.spotify.com/track/023i4Phiw266d2OaRbudOg
50,Waves , 00:03:20 ,http://open.spotify.com/track/2Qmg0oyUxivJVhVxbXEZcO
51,Autumn Forest , 00:02:50 ,http://open.spotify.com/track/4rYbGAvD3Es5dOulUhAviv
52,Assonnato , 00:03:04 ,http://open.spotify.com/track/4SO82a7foP5oVqb9cspxd5
53,Covering the Sun , 00:03:13 ,http://open.spotify.com/track/1IUe9CBv83sg56rTorIVLp
54,Appreciation , 00:02:49 ,http://open.spotify.com/track/70w16KjhO0HQz6eqllKYJo
55,Out of time , 00:03:29 ,http://open.spotify.com/track/0JJCzXYsTdoGIKjEadzwke
56,दुनिया के सपने , 00:02:03 ,http://open.spotify.com/track/7wKteYGjLxGYGYw45SFCS0
57,Lenitivo , 00:03:00 ,http://open.spotify.com/track/6PEwEkL4lzRbGMGH7j7kBB
58,Easy Mind , 00:02:40 ,http://open.spotify.com/track/3uGD7qaTWdiIDQZxnKOXr2
59,Waiting , 00:03:01 ,http://open.spotify.com/track/5C82nGiLNRRgAjfMH1pNC3
60,Convince Me , 00:03:35 ,http://open.spotify.com/track/2Voua6X82CCcgADavNaBwo
61,Léas , 00:03:43 ,http://open.spotify.com/track/58VrQRlGE6ZmTMhOtIGPct
62,embrace , 00:03:22 ,http://open.spotify.com/track/0gRNSWEe6X27ggYGdqDT2r
63,This Space , 00:02:52 ,http://open.spotify.com/track/6127NAkQKvpHxsQ7QS3bsm
64,Hypnosis , 00:03:12 ,http://open.spotify.com/track/6xhwbnVSG3DeLM6oZau2Mr
65,Acércate , 00:03:13 ,http://open.spotify.com/track/6cCJLQydZi0hOugxKQPZUZ
66,Supernova , 00:02:20 ,http://open.spotify.com/track/5KBswDWzbvbe6o0cyQA788
67,Sólarupprás , 00:03:44 ,http://open.spotify.com/track/48rbuSnk3BZz6wp97B6zOx
68,Compassion , 00:02:35 ,http://open.spotify.com/track/6nnm67RIWF9sSl0mGY3PHM
69,Volare , 00:02:52 ,http://open.spotify.com/track/0eLjghxjAToU8mKhUqx4LX
70,Aurora , 00:03:05 ,http://open.spotify.com/track/6LTIZenP15l2VvkvPF2lFM
71,My Horizon , 00:03:05 ,http://open.spotify.com/track/0IeAKzoK78YpLGWn8wCQV8
72,Moving Silence , 00:02:05 ,http://open.spotify.com/track/08Mk6wrJu3giNbV2oy6Vv8
73,Aion , 00:03:25 ,http://open.spotify.com/track/0ssdj7toIUWMGFmMVMW7Ge
74,Lyrae , 00:03:32 ,http://open.spotify.com/track/7ezPWKIAQvCztMhiHRQPuJ
75,Senses , 00:02:58 ,http://open.spotify.com/track/0i4MTSz232OEJ6m1WURbzJ
76,Oscitancy , 00:03:47 ,http://open.spotify.com/track/64CajkmsGoNAefmvK8pYpY
77,Pillowside , 00:03:35 ,http://open.spotify.com/track/1WyylIAlMzZMKQYEQXyXRr
78,Večeras , 00:03:05 ,http://open.spotify.com/track/7aYv33i1kUIlBcTMJPUzFm
79,Stillness , 00:02:30 ,http://open.spotify.com/track/6cn3ydXeMViI9FKbvU5yC6
80,Shimmering Waters , 00:03:20 ,http://open.spotify.com/track/2liNwtjwCH7i4OzoXsBupN
81,Shimmering , 00:03:09 ,http://open.spotify.com/track/0rx9Y48vxNiAD923B5LLfh
82,Rivers , 00:03:22 ,http://open.spotify.com/track/5ymF1YOLVmBCuu4sl7lgNF
83,Trust the Universe , 00:02:49 ,http://open.spotify.com/track/4P7LF3ktiDORMF1coYTf66
84,Månsken , 00:03:01 ,http://open.spotify.com/track/1XevHoke55cIgL4v7nzYiL
85,Will you be there when I wake up , 00:02:44 ,http://open.spotify.com/track/0MrDqmqbP0xS9sGedtiuAC
86,On Plateau , 00:03:55 ,http://open.spotify.com/track/5SpQc9ByjLPrycqSBdPRKU
87,El Chakra Del Corazón Anahata - Om En La Clave De F , 00:03:22 ,http://open.spotify.com/track/0ODALQinASCloaogj0xgAF
88,Wacht op mij , 00:04:58 ,http://open.spotify.com/track/5tc7QNc9sOFQoE2ty3H4TJ
89,Underwater , 00:03:33 ,http://open.spotify.com/track/0u0KxbP1xdr7HKOtq3LkTp
90,Rebirth , 00:03:11 ,http://open.spotify.com/track/2KCD0Kx46ftF8quaA1I0cP
91,New Mantra , 00:04:54 ,http://open.spotify.com/track/2bWcIXdN5tLko8ERJVh60p
92,Peace Of Mind , 00:02:58 ,http://open.spotify.com/track/4v8uzYnHfHI4ppZLTqouhp
93,It Matters , 00:05:06 ,http://open.spotify.com/track/0oCxeVzo0X6D0MIgB3c6Bj
94,Gahari , 00:02:16 ,http://open.spotify.com/track/0vCB3eNnNzQVsJn8H1NdYp
95,Deep Eyes , 00:04:40 ,http://open.spotify.com/track/3HBzTLiE1KmE0jcxZaYmVe
96,Nebula , 00:04:53 ,http://open.spotify.com/track/3Iy6ZS7a2MYK90Z9Cmmfjp
97,Final Feliz , 00:03:00 ,http://open.spotify.com/track/27LnREBusAgOoIreyVaOgL
98,Axis Of Action , 00:02:34 ,http://open.spotify.com/track/45vbUbBDk6o9nNsx7QtoV3
99,Slow Crossings , 00:03:43 ,http://open.spotify.com/track/0XTfWo6Sk5AUm3hww2ELuE
100,Reinstatement , 00:04:15 ,http://open.spotify.com/track/4BbjIfCfHRMnqfrzLNaYsx
101,Heep Harmonics , 00:03:54 ,http://open.spotify.com/track/1RHWGw5ul3yBqNHpNqZcck
102,Aerofoil , 00:03:19 ,http://open.spotify.com/track/0nqtOf7OZfOIKgv2ejTb6P
103,Piazzale Mauna , 00:03:28 ,http://open.spotify.com/track/0LKKLpXYCrS4cJLoWELHZs
104,Illuminous , 00:03:07 ,http://open.spotify.com/track/4BF3edqOaAcQiavsuigQq9
105,Serene , 00:01:48 ,http://open.spotify.com/track/5B1bNtPY2jCZq87yuH4dDk
106,ojala , 00:03:00 ,http://open.spotify.com/track/18c1ez8UUWpuN4soILf5J5
107,Eryra , 00:03:52 ,http://open.spotify.com/track/2jAm2Z3yoDLSiFjk3OZpY7
108,Ethereal , 00:03:28 ,http://open.spotify.com/track/2WpWl1It7kYOopTbtdrZtI
109,Floating Peace , 00:03:34 ,http://open.spotify.com/track/1vpzs2y4nduldNWjJdPMQ6
110,Pampus , 00:03:26 ,http://open.spotify.com/track/7emdYdVOLn2nIzdFufWUQh
111,Now I know , 00:03:08 ,http://open.spotify.com/track/7G0ooPUSQAvUY2za257nbW
112,Violin Chant , 00:03:34 ,http://open.spotify.com/track/3qI2j1likgm0mxUfyq1x2i
113,Night Light , 00:02:03 ,http://open.spotify.com/track/00mZmQ1kdWxmRtEA3A9olx
114,Falling Winds , 00:03:25 ,http://open.spotify.com/track/3LDurr25Dx3XAR4nMxNXpp
115,Lost at Sea , 00:03:12 ,http://open.spotify.com/track/13TlLMjvV0pZqBF7DKIs94
116,Mantric Melody , 00:01:51 ,http://open.spotify.com/track/5GkkUUYaDllU29bE9OKkLI
117,Desire , 00:02:46 ,http://open.spotify.com/track/4B65VdJ4nSXcdNsjQcYPyl
118,Heavenly , 00:02:59 ,http://open.spotify.com/track/1uSaD0JKNb5o8Wv29zULwf
119,Small But Nice , 00:03:18 ,http://open.spotify.com/track/4JW3xordKSyyseY0508GrZ
120,Salve , 00:02:50 ,http://open.spotify.com/track/3ciGnLsselzhecVZZiHzfZ
121,Reflections , 00:03:13 ,http://open.spotify.com/track/3emkA27hwU4zVJoIzi2SLp
122,Thankful , 00:03:19 ,http://open.spotify.com/track/1nFLUSu9eQxibCz0BP4BtO
123,Serenity of Touch , 00:02:20 ,http://open.spotify.com/track/45I8e1cnl6rzrf2AEqoMDO
124,Decompress , 00:04:43 ,http://open.spotify.com/track/0fA88Mx1JI2ixuWtOGef6i
125,Introspection (Edit) , 00:02:35 ,http://open.spotify.com/track/5JVtVJFun3pgNdDlUQlkOm
126,Universal Spirals , 00:03:55 ,http://open.spotify.com/track/7kVH0SJTcByMlSCBe4SQyh
127,Bouncing Clouds , 00:04:50 ,http://open.spotify.com/track/3mZprzE78ZgB9fPSNNb6GI
128,Noctis , 00:02:38 ,http://open.spotify.com/track/3SwiMJxBE5eqYdbXJBRtiT
129,Interstellar , 00:02:57 ,http://open.spotify.com/track/1YXecs93uLgYqxYC1wzBo0
130,A Bed Of Clouds , 00:04:00 ,http://open.spotify.com/track/2OaKSdtWgdSndVQCXlVgSr
131,Mind Warrior (Beta 13 Hz) , 00:02:59 ,http://open.spotify.com/track/7yMLsyHDOlIs3LjvEyolv4
132,Geminism , 00:03:52 ,http://open.spotify.com/track/3g4VzxY3cmFDJSCW3z9SPX
133,Sea Of Colors , 00:03:04 ,http://open.spotify.com/track/0vpo0LIlSsiqIWf44ydK2z
134,Long Long Sleep , 00:02:17 ,http://open.spotify.com/track/6SuaebhLmpcXZOLUfisKG0
135,Pegasus , 00:03:31 ,http://open.spotify.com/track/0N08dxkNnilnHjjRhCL9V1
136,Sunset Drifter , 00:04:12 ,http://open.spotify.com/track/1lAE2xt8FbMqcgQhyzdG6N
137,Mandala , 00:02:17 ,http://open.spotify.com/track/1aeKotbZ2wBYuOspDawtwo
138,Green Leaves , 00:03:21 ,http://open.spotify.com/track/6BVWlugjV9uuDGA0SvD0R5
139,Andromeda , 00:02:52 ,http://open.spotify.com/track/2vOE9PLXx3MTPy5E0dxPor
140,Getting Sleepy , 00:03:16 ,http://open.spotify.com/track/1NczYPlE8v1Zj6U9mXsicf
141,Hanami , 00:03:05 ,http://open.spotify.com/track/0DAX6DFAopKq9PqzIXJi42
142,Finn roen , 00:03:34 ,http://open.spotify.com/track/0NtkoVSkVKRmybx0Vau21E
143,Our Beginning , 00:02:36 ,http://open.spotify.com/track/48zUSuNPWf2yFkzGu0BTv8
144,Parallel Dimension , 00:03:26 ,http://open.spotify.com/track/44QFvGC5DRZmuD1gVln7Py
145,Calming Winds , 00:03:18 ,http://open.spotify.com/track/5unbMIbUjFsED3FnyttYnA
146,Early Bird , 00:04:38 ,http://open.spotify.com/track/5hSbyGmtlbby8POW2w9yGp
147,Healing Harmony , 00:02:47 ,http://open.spotify.com/track/609zrnMpQ3quDVOxmZzsCC
148,Decumbent , 00:03:11 ,http://open.spotify.com/track/45nNKzH7nKMfyFhUUqdyGY
149,Atlas , 00:02:45 ,http://open.spotify.com/track/1HNM54pHKFCSEflvDYZwGC
150,Dream dependence , 00:02:35 ,http://open.spotify.com/track/0rdOvRimwzjyBHdZ0pR2E7
151,In the Far Away Distance , 00:02:56 ,http://open.spotify.com/track/1oHDNBIxtHai4IcMQ4mJuL
152,Secret Haven , 00:04:30 ,http://open.spotify.com/track/0sk2c1F1WqhnBDFlxefiQM
153,Monita , 00:03:16 ,http://open.spotify.com/track/2kYi4RwuTernByCJR6D4e1
154,Wild Soul , 00:03:29 ,http://open.spotify.com/track/0PSoQovKUDaVl7TBVGAmt4
155,Pathways , 00:02:00 ,http://open.spotify.com/track/67hrn4W0iAgUWwkVpmplTW
156,Primordeal Instincts , 00:03:20 ,http://open.spotify.com/track/2HFa8YQM9xXsaqquv8efKI
157,New Awakening , 00:04:44 ,http://open.spotify.com/track/7bDsyH1SX4qJRoHqOq36WO
158,Wren , 00:03:36 ,http://open.spotify.com/track/2BNIB51vC5Xf4s14N57VTH
159,Winds of Haryana , 00:02:56 ,http://open.spotify.com/track/5M2vSYhLSDww1n3x2zB1qN
160,Tranquility , 00:02:29 ,http://open.spotify.com/track/3hEugJ3cU9p9gN5b6imbvX
161,Threads , 00:03:12 ,http://open.spotify.com/track/30VnmNoXmeNMlDR6MxLP5U
162,Schwebend , 00:03:38 ,http://open.spotify.com/track/775dmuIRQojrplsns8VKen
163,Departing , 00:02:10 ,http://open.spotify.com/track/6iVbAwerjjEoH5NnEfFkkn
164,Energy , 00:04:11 ,http://open.spotify.com/track/5gdW6VVL4UNnqtvGs5yyjJ
165,Quasar , 00:04:18 ,http://open.spotify.com/track/5NM4frO8ccRVxXKW0kZaAk
166,Cyclic dreams , 00:03:50 ,http://open.spotify.com/track/7tLKgqGT3YHx4xv6FrBk4A
167,Descending , 00:03:30 ,http://open.spotify.com/track/6i1azfJNXmsV9fNIA41tea
168,Yoga Depth , 00:02:12 ,http://open.spotify.com/track/32HG8Lvryuz8NCQQW0YO46
169,Infinities , 00:03:23 ,http://open.spotify.com/track/5985uWNOMmxrzAvvWaxT0t
170,Between Two Stars , 00:03:51 ,http://open.spotify.com/track/6Jg4ZM9AlhJuClKekGvNCf
171,Call to Rest , 00:04:36 ,http://open.spotify.com/track/7FpuImiEfUmOWKKi4UyO9y
172,Solitude , 00:02:58 ,http://open.spotify.com/track/1aGU4nNNTtbEFPakvzYN2Y
173,Time Travel , 00:03:04 ,http://open.spotify.com/track/1aa3A3F6b5FZFtXAhtrybK
174,Blame Leads to Shame , 00:03:52 ,http://open.spotify.com/track/5DJhKbXvR8wcX2cZKmoMg0
175,Repose , 00:03:33 ,http://open.spotify.com/track/7DwWJ7pMpFV6gok50clx3F
176,Finding You , 00:03:04 ,http://open.spotify.com/track/57XqKCO5MeTbiaLSnq6dFj
177,Equilibrium , 00:03:03 ,http://open.spotify.com/track/0aRSGdv7ImXsxk91fTqEf5
178,Kebnekajse , 00:02:43 ,http://open.spotify.com/track/6WkXlCEHH8wkQ5xGytORl6
179,Parts of Reality , 00:03:37 ,http://open.spotify.com/track/72lTBttLvsJ7FXLhualmIN
180,Morgensonne , 00:03:47 ,http://open.spotify.com/track/7lP59sloyWgX1c3xA2ZTve
181,Magica , 00:02:57 ,http://open.spotify.com/track/75D9esOK7ASfcREQAvbtql
182,Suffer Well , 00:02:32 ,http://open.spotify.com/track/7sja76lX8ntiFjv7iDxX5d
183,Gelborn Heights , 00:03:13 ,http://open.spotify.com/track/5D1t5wq4NGB1Z1r0fkcscF
184,Visions of Sleep and Beyond , 00:03:01 ,http://open.spotify.com/track/3TT0S61x8x2IFUn8lnqjq9
185,Shaman Dreams , 00:03:06 ,http://open.spotify.com/track/3O9i7hYrsLU99msJcjPOCL
186,Scintillans , 00:03:40 ,http://open.spotify.com/track/4zI7J4c58Br1tY10NDyhlR
187,Echoes , 00:03:14 ,http://open.spotify.com/track/0KIZ5Ser293PTUtY1x6Gha
188,Cosmos , 00:04:31 ,http://open.spotify.com/track/211l6gKeErP58kN2gvzuQZ
189,La Torre Del Sueno , 00:03:50 ,http://open.spotify.com/track/350OnYMO9dRxFJ7feR1YYv
190,Calling , 00:03:11 ,http://open.spotify.com/track/682LbPTgwSkwOQGS16OsW5
191,Kyoto , 00:02:42 ,http://open.spotify.com/track/5DuALA01mvSWTNM9xi2Rqm
192,New Endings , 00:03:08 ,http://open.spotify.com/track/2IAZza3wdiTYT8QtO0hbLv
193,Phenomena , 00:02:46 ,http://open.spotify.com/track/1Naf16ekAHVTzYhhxoZCnQ
194,Earth , 00:03:24 ,http://open.spotify.com/track/6UFSJF8pGDYJelHoadqPEe
195,Nefelibata , 00:03:00 ,http://open.spotify.com/track/07MRGolhqppoqEWDV5aZhJ
196,St Germain 54 , 00:02:54 ,http://open.spotify.com/track/21TG8QkajgXY6rWjIK5dFO
197,Sun Gazer , 00:04:30 ,http://open.spotify.com/track/1EXOPJwnGEJfBnScmeaESH
198,Going Home , 00:03:36 ,http://open.spotify.com/track/2ogguaH3LQ2H8gsKKVypYU
199,Campanis , 00:03:04 ,http://open.spotify.com/track/3dKEGve9GLAg0q8REFQpgY
200,From Shores To Mountains , 00:02:25 ,http://open.spotify.com/track/5kOy4Ap0QsN24vCL9H3KTt
201,La pluie de Saint Michel , 00:02:31 ,http://open.spotify.com/track/3qEJ0eRAf40TTrofN7rmP7
202,Quiet Dreams , 00:03:24 ,http://open.spotify.com/track/6jJkW2RUsOHCe4hiIk1tED
203,Mind-Drift , 00:04:00 ,http://open.spotify.com/track/53sNuDhuyhtVTPNXbk4dEN
204,I Know You're Here , 00:03:25 ,http://open.spotify.com/track/15IzXs0Oln8qBHIJUYLSzM
205,Rebirth , 00:03:23 ,http://open.spotify.com/track/4GlveryProx302jQ9hHjqe
206,Deep Dream , 00:03:44 ,http://open.spotify.com/track/6uZqFdxRsSXgswqtKKBYK7
207,The Healing Process , 00:02:41 ,http://open.spotify.com/track/23puVz6Rhiq8Wax9KxnZtW
208,Barceloneta , 00:04:10 ,http://open.spotify.com/track/1jBmAt2PKYf86TeUPdamF3
209,Allow Me To Dream , 00:03:37 ,http://open.spotify.com/track/5o9SpNcnJqJV4Cj9tpnKEo
210,Alvás , 00:03:30 ,http://open.spotify.com/track/6FXM5nY7ubX4pWqLPn2gcl
211,Kvikkjokk , 00:03:21 ,http://open.spotify.com/track/5fqtStRCkILhIDMdQFyg9K
212,Sangre , 00:03:46 ,http://open.spotify.com/track/6eck4C7AFDsmv8AAwozNa1
213,Mindstiller , 00:03:36 ,http://open.spotify.com/track/2IA4wO7fwVunvFQuWeksm8
214,Gentle Cure , 00:02:54 ,http://open.spotify.com/track/3a4HwrietoocD2toa1Pezg
215,Floating , 00:02:25 ,http://open.spotify.com/track/4BoKls3fZWdNJLgpoG8xcM
216,Nature , 00:03:18 ,http://open.spotify.com/track/2hNvIVkTOLl86RJ2i3C72n
217,Twin Peaks Theme , 00:03:30 ,http://open.spotify.com/track/3eIxdm9dIgW7gtVdrIhanL
218,Incubations , 00:03:09 ,http://open.spotify.com/track/1uO9ZJFzDuwQ2XzmHt5TmN
219,The Age of the Earth , 00:03:19 ,http://open.spotify.com/track/3vDKBXhismlvnpXbm9DAdc
220,Lost and Found , 00:01:55 ,http://open.spotify.com/track/4ZyDRqls8dAig1XSfECoDS
221,Divine , 00:04:49 ,http://open.spotify.com/track/49WYvbLAlLn9e663fBmCUl
222,Skylines , 00:02:46 ,http://open.spotify.com/track/3WeYjOyamokKdl3cvQysZq
223,In my quiet hour , 00:02:06 ,http://open.spotify.com/track/4YhwpzwqfWEt04ki6wLUVk
224,Mellifluous , 00:01:58 ,http://open.spotify.com/track/1vSqYZ2q0cvwlWNAzkzeOq
225,Sueño tranquilo , 00:03:02 ,http://open.spotify.com/track/7vCDAK4DJNr1GHYEG3Ylyp
226,Moment of Clarity , 00:02:21 ,http://open.spotify.com/track/1h7XRTgZYY0TYDjYDnLfju
227,Observations From A Faraway Place , 00:02:22 ,http://open.spotify.com/track/5H14dJbhKeaU1ffTMmIGJi
228,Mind Retreat , 00:02:57 ,http://open.spotify.com/track/2c15DLDKQDhMVWk3CQ2GZ4
229,Relajación espiritual , 00:03:10 ,http://open.spotify.com/track/7kbiF2WwENN3Z5yOZ2X0R2
230,The Art Of Love , 00:03:05 ,http://open.spotify.com/track/7hXKIp3IX3nrvHkq34zbMG
231,Relaxation , 00:03:36 ,http://open.spotify.com/track/7xD5j8ZCGDAPTTH5EfAVRf
232,First Bridge , 00:02:08 ,http://open.spotify.com/track/09g7JMQLhGPspMm1hfeqCc
233,legacy , 00:04:09 ,http://open.spotify.com/track/4EWCM7S4DAtpSJ0BOiM9LK
234,Without , 00:04:04 ,http://open.spotify.com/track/1MTVl5IOywFaOQWcFvVpIs
235,Elixir , 00:02:24 ,http://open.spotify.com/track/3qdcjaWIyUvivaO5lcpe0J
236,Jocelyn , 00:02:26 ,http://open.spotify.com/track/1Vv5St0rzB3054EvkADdQi
237,Insomniac , 00:04:21 ,http://open.spotify.com/track/1CgE3BgULa6UIBk5R3fa7t
238,Coast , 00:06:13 ,http://open.spotify.com/track/5qvo43hXyTAY1YN0pWtPil
239,Legend Of Zea , 00:03:14 ,http://open.spotify.com/track/3tzNYs0IcqBBy0eSvyAwB6
