Track Name,Length,SpotifyID
Blunda , 00:03:32 , 49I7QPn7L2aZHnXp3gK3jn
Big Sky , 00:04:03 , 1e6PKJmQ5fV0VHwD31GPQK
Endless Nights , 00:02:58 , 1khJhtT78fpUbjiZCH1rLV
Te Urewera , 00:03:04 , 5phPjqe0T4phCAXczNnYgS
Halvmåne , 00:02:37 , 5YXN6JEpHIGcskwqrDzi9g
Phaedra , 00:03:16 , 6GEYh8JguL5MIh5Uz5h0zL
Eyes of Redemption , 00:03:03 , 4sgncJrSzijkzs0oEEyOcn
Sogno Illuminum , 00:02:20 , 2XwakW5X0FkLa7xGfgDwot
Ethereal , 00:03:17 , 19Veznfh8J7ZPLs9kgK1Kq
Vilán , 00:02:51 , 6Qsxgw4T1okHKm2oPkLOxC
Mind , 00:02:31 , 7DvR34weBiIehUpND2sN6O
Huitussi , 00:02:57 , 5gDjNqBVupjXg9FpgVQ68c
Voyage De La Nuit , 00:03:21 , 24lJCQciPgJBhRrij2Faa5
Salaio , 00:02:36 , 3JtiHgyAOj8mvHUi5zR3Sq
Blua Aero , 00:02:08 , 3ff3N25wTsj8T1mf2gMTQp
El Limbo , 00:03:12 , 7qxiypBdH5wy621o3DATXE
East Coast Stories , 00:02:44 , 6G0756SmteKsCuObcKWqWP
Arrival , 00:03:05 , 3jaCuiu5pvF2e7XnSi1NBw
Sylarna , 00:04:04 , 3qbZGh0o76ZCq2dI32cF9o
In Bloom , 00:02:55 , 1ve6TCi0O78ypM3pyeXyYy
Quand je te vois , 00:03:18 , 0ydR92kMvsKzbHskETB2QR
Breath Of Life , 00:02:34 , 0whxteXpbXv6WUTOfAtmZb
No One Knows , 00:03:14 , 55cj9j5lNgAsKIYjX2mJLm
Catharsis , 00:02:46 , 0lDLcIR8XdXwXD4rzEUVMb
Hibernation , 00:03:36 , 1mYTROYR85RaiaVEtQztis
Moments , 00:03:24 , 0UtZUu5j2Ye9QDxWyhReTx
Shimmer in the Morning , 00:02:06 , 0oZcBTfv9wd9Oh2JBicCmz
Malam Damai , 00:03:45 , 6D70aCXcWTHKQwKF0UwEXK
Deep breaths , 00:02:11 , 1XhhBtMKmNGM4yfgMZQVxf
Desiderio , 00:03:26 , 0wOCx6BAKo9ZSpejgL8C2Y
Affection , 00:03:22 , 3B4B5r2IFmxVxE0fl7wQ6a
Sleep Hibernation , 00:02:55 , 0ek2PwrDkUWRqoaTq6WKDj
Anatomy of Change , 00:02:24 , 1kh6iEcYhNL6jbMr5BVEVG
Langeland , 00:03:02 , 6vZRJSlkmxAEDb51WeqZFC
Our Days , 00:03:15 , 57GPIJhz0kkO8YfcGN5bBV
Day One , 00:03:42 , 4ahkHICHrJKitc3ki96AAY
Sigiriya , 00:02:48 , 11tgd8lU2eFk0DNqMTEqtT
Ut Ameris Amabilis Esto , 00:03:04 , 63c4hUw16NhQGrTyaoyj0M
Miho no Matsubara , 00:02:53 , 216t4yl7TJeh6nlmF7mBOK
Muer , 00:03:33 , 1InzFeMtTWJIWBIfcvVwMu
Arriving , 00:03:12 , 730JGpAFz7uj2i53ySidzR
Orbital , 00:02:24 , 2sqE9z7rJlzV5ZgieeUatU
Neda , 00:02:35 , 09h39o0t13MWKIkLRuzAOE
Insua , 00:02:41 , 4jAgDrorjMDaqWCB8oVzK1
Colors , 00:04:04 , 1DuxD8wBMdWvovBVcYkWwN
First Light , 00:03:27 , 2cORfXMu4qiWSzMXftcdII
Suilven , 00:03:58 , 3mNYWG8IAA5pCcPzuZ3jnU
Sunset , 00:03:21 , 4gpqUShgtvlOZbtcVLjBM0
Teach Me , 00:03:06 , 1yie0sbCLfoPN3NJq7oASy
Lucerne , 00:03:17 , 023i4Phiw266d2OaRbudOg
Waves , 00:03:20 , 2Qmg0oyUxivJVhVxbXEZcO
Autumn Forest , 00:02:50 , 4rYbGAvD3Es5dOulUhAviv
Assonnato , 00:03:04 , 4SO82a7foP5oVqb9cspxd5
Covering the Sun , 00:03:13 , 1IUe9CBv83sg56rTorIVLp
Appreciation , 00:02:49 , 70w16KjhO0HQz6eqllKYJo
Out of time , 00:03:29 , 0JJCzXYsTdoGIKjEadzwke
दुनिया के सपने , 00:02:03 , 7wKteYGjLxGYGYw45SFCS0
Lenitivo , 00:03:00 , 6PEwEkL4lzRbGMGH7j7kBB
Easy Mind , 00:02:40 , 3uGD7qaTWdiIDQZxnKOXr2
Waiting , 00:03:01 , 5C82nGiLNRRgAjfMH1pNC3
Convince Me , 00:03:35 , 2Voua6X82CCcgADavNaBwo
Léas , 00:03:43 , 58VrQRlGE6ZmTMhOtIGPct
embrace , 00:03:22 , 0gRNSWEe6X27ggYGdqDT2r
This Space , 00:02:52 , 6127NAkQKvpHxsQ7QS3bsm
Hypnosis , 00:03:12 , 6xhwbnVSG3DeLM6oZau2Mr
Acércate , 00:03:13 , 6cCJLQydZi0hOugxKQPZUZ
Supernova , 00:02:20 , 5KBswDWzbvbe6o0cyQA788
Sólarupprás , 00:03:44 , 48rbuSnk3BZz6wp97B6zOx
Compassion , 00:02:35 , 6nnm67RIWF9sSl0mGY3PHM
Volare , 00:02:52 , 0eLjghxjAToU8mKhUqx4LX
Aurora , 00:03:05 , 6LTIZenP15l2VvkvPF2lFM
My Horizon , 00:03:05 , 0IeAKzoK78YpLGWn8wCQV8
Moving Silence , 00:02:05 , 08Mk6wrJu3giNbV2oy6Vv8
Aion , 00:03:25 , 0ssdj7toIUWMGFmMVMW7Ge
Lyrae , 00:03:32 , 7ezPWKIAQvCztMhiHRQPuJ
Senses , 00:02:58 , 0i4MTSz232OEJ6m1WURbzJ
Oscitancy , 00:03:47 , 64CajkmsGoNAefmvK8pYpY
Pillowside , 00:03:35 , 1WyylIAlMzZMKQYEQXyXRr
Večeras , 00:03:05 , 7aYv33i1kUIlBcTMJPUzFm
Stillness , 00:02:30 , 6cn3ydXeMViI9FKbvU5yC6
Shimmering Waters , 00:03:20 , 2liNwtjwCH7i4OzoXsBupN
Shimmering , 00:03:09 , 0rx9Y48vxNiAD923B5LLfh
Rivers , 00:03:22 , 5ymF1YOLVmBCuu4sl7lgNF
Trust the Universe , 00:02:49 , 4P7LF3ktiDORMF1coYTf66
Månsken , 00:03:01 , 1XevHoke55cIgL4v7nzYiL
Will you be there when I wake up , 00:02:44 , 0MrDqmqbP0xS9sGedtiuAC
On Plateau , 00:03:55 , 5SpQc9ByjLPrycqSBdPRKU
El Chakra Del Corazón Anahata - Om En La Clave De F , 00:03:22 , 0ODALQinASCloaogj0xgAF
Wacht op mij , 00:04:58 , 5tc7QNc9sOFQoE2ty3H4TJ
Underwater , 00:03:33 , 0u0KxbP1xdr7HKOtq3LkTp
Rebirth , 00:03:11 , 2KCD0Kx46ftF8quaA1I0cP
New Mantra , 00:04:54 , 2bWcIXdN5tLko8ERJVh60p
Peace Of Mind , 00:02:58 , 4v8uzYnHfHI4ppZLTqouhp
It Matters , 00:05:06 , 0oCxeVzo0X6D0MIgB3c6Bj
Gahari , 00:02:16 , 0vCB3eNnNzQVsJn8H1NdYp
Deep Eyes , 00:04:40 , 3HBzTLiE1KmE0jcxZaYmVe
Nebula , 00:04:53 , 3Iy6ZS7a2MYK90Z9Cmmfjp
Final Feliz , 00:03:00 , 27LnREBusAgOoIreyVaOgL
Axis Of Action , 00:02:34 , 45vbUbBDk6o9nNsx7QtoV3
Slow Crossings , 00:03:43 , 0XTfWo6Sk5AUm3hww2ELuE
Reinstatement , 00:04:15 , 4BbjIfCfHRMnqfrzLNaYsx
Heep Harmonics , 00:03:54 , 1RHWGw5ul3yBqNHpNqZcck
Aerofoil , 00:03:19 , 0nqtOf7OZfOIKgv2ejTb6P
Piazzale Mauna , 00:03:28 , 0LKKLpXYCrS4cJLoWELHZs
Illuminous , 00:03:07 , 4BF3edqOaAcQiavsuigQq9
Serene , 00:01:48 , 5B1bNtPY2jCZq87yuH4dDk
ojala , 00:03:00 , 18c1ez8UUWpuN4soILf5J5
Eryra , 00:03:52 , 2jAm2Z3yoDLSiFjk3OZpY7
Ethereal , 00:03:28 , 2WpWl1It7kYOopTbtdrZtI
Floating Peace , 00:03:34 , 1vpzs2y4nduldNWjJdPMQ6
Pampus , 00:03:26 , 7emdYdVOLn2nIzdFufWUQh
Now I know , 00:03:08 , 7G0ooPUSQAvUY2za257nbW
Violin Chant , 00:03:34 , 3qI2j1likgm0mxUfyq1x2i
Night Light , 00:02:03 , 00mZmQ1kdWxmRtEA3A9olx
Falling Winds , 00:03:25 , 3LDurr25Dx3XAR4nMxNXpp
Lost at Sea , 00:03:12 , 13TlLMjvV0pZqBF7DKIs94
Mantric Melody , 00:01:51 , 5GkkUUYaDllU29bE9OKkLI
Desire , 00:02:46 , 4B65VdJ4nSXcdNsjQcYPyl
Heavenly , 00:02:59 , 1uSaD0JKNb5o8Wv29zULwf
Small But Nice , 00:03:18 , 4JW3xordKSyyseY0508GrZ
Salve , 00:02:50 , 3ciGnLsselzhecVZZiHzfZ
Reflections , 00:03:13 , 3emkA27hwU4zVJoIzi2SLp
Thankful , 00:03:19 , 1nFLUSu9eQxibCz0BP4BtO
Serenity of Touch , 00:02:20 , 45I8e1cnl6rzrf2AEqoMDO
Decompress , 00:04:43 , 0fA88Mx1JI2ixuWtOGef6i
Introspection (Edit) , 00:02:35 , 5JVtVJFun3pgNdDlUQlkOm
Universal Spirals , 00:03:55 , 7kVH0SJTcByMlSCBe4SQyh
Bouncing Clouds , 00:04:50 , 3mZprzE78ZgB9fPSNNb6GI
Noctis , 00:02:38 , 3SwiMJxBE5eqYdbXJBRtiT
Interstellar , 00:02:57 , 1YXecs93uLgYqxYC1wzBo0
A Bed Of Clouds , 00:04:00 , 2OaKSdtWgdSndVQCXlVgSr
Mind Warrior (Beta 13 Hz) , 00:02:59 , 7yMLsyHDOlIs3LjvEyolv4
Geminism , 00:03:52 , 3g4VzxY3cmFDJSCW3z9SPX
Sea Of Colors , 00:03:04 , 0vpo0LIlSsiqIWf44ydK2z
Long Long Sleep , 00:02:17 , 6SuaebhLmpcXZOLUfisKG0
Pegasus , 00:03:31 , 0N08dxkNnilnHjjRhCL9V1
Sunset Drifter , 00:04:12 , 1lAE2xt8FbMqcgQhyzdG6N
Mandala , 00:02:17 , 1aeKotbZ2wBYuOspDawtwo
Green Leaves , 00:03:21 , 6BVWlugjV9uuDGA0SvD0R5
Andromeda , 00:02:52 , 2vOE9PLXx3MTPy5E0dxPor
Getting Sleepy , 00:03:16 , 1NczYPlE8v1Zj6U9mXsicf
Hanami , 00:03:05 , 0DAX6DFAopKq9PqzIXJi42
Finn roen , 00:03:34 , 0NtkoVSkVKRmybx0Vau21E
Our Beginning , 00:02:36 , 48zUSuNPWf2yFkzGu0BTv8
Parallel Dimension , 00:03:26 , 44QFvGC5DRZmuD1gVln7Py
Calming Winds , 00:03:18 , 5unbMIbUjFsED3FnyttYnA
Early Bird , 00:04:38 , 5hSbyGmtlbby8POW2w9yGp
Healing Harmony , 00:02:47 , 609zrnMpQ3quDVOxmZzsCC
Decumbent , 00:03:11 , 45nNKzH7nKMfyFhUUqdyGY
Atlas , 00:02:45 , 1HNM54pHKFCSEflvDYZwGC
Dream dependence , 00:02:35 , 0rdOvRimwzjyBHdZ0pR2E7
In the Far Away Distance , 00:02:56 , 1oHDNBIxtHai4IcMQ4mJuL
Secret Haven , 00:04:30 , 0sk2c1F1WqhnBDFlxefiQM
Monita , 00:03:16 , 2kYi4RwuTernByCJR6D4e1
Wild Soul , 00:03:29 , 0PSoQovKUDaVl7TBVGAmt4
Pathways , 00:02:00 , 67hrn4W0iAgUWwkVpmplTW
Primordeal Instincts , 00:03:20 , 2HFa8YQM9xXsaqquv8efKI
New Awakening , 00:04:44 , 7bDsyH1SX4qJRoHqOq36WO
Wren , 00:03:36 , 2BNIB51vC5Xf4s14N57VTH
Winds of Haryana , 00:02:56 , 5M2vSYhLSDww1n3x2zB1qN
Tranquility , 00:02:29 , 3hEugJ3cU9p9gN5b6imbvX
Threads , 00:03:12 , 30VnmNoXmeNMlDR6MxLP5U
Schwebend , 00:03:38 , 775dmuIRQojrplsns8VKen
Departing , 00:02:10 , 6iVbAwerjjEoH5NnEfFkkn
Energy , 00:04:11 , 5gdW6VVL4UNnqtvGs5yyjJ
Quasar , 00:04:18 , 5NM4frO8ccRVxXKW0kZaAk
Cyclic dreams , 00:03:50 , 7tLKgqGT3YHx4xv6FrBk4A
Descending , 00:03:30 , 6i1azfJNXmsV9fNIA41tea
Yoga Depth , 00:02:12 , 32HG8Lvryuz8NCQQW0YO46
Infinities , 00:03:23 , 5985uWNOMmxrzAvvWaxT0t
Between Two Stars , 00:03:51 , 6Jg4ZM9AlhJuClKekGvNCf
Call to Rest , 00:04:36 , 7FpuImiEfUmOWKKi4UyO9y
Solitude , 00:02:58 , 1aGU4nNNTtbEFPakvzYN2Y
Time Travel , 00:03:04 , 1aa3A3F6b5FZFtXAhtrybK
Blame Leads to Shame , 00:03:52 , 5DJhKbXvR8wcX2cZKmoMg0
Repose , 00:03:33 , 7DwWJ7pMpFV6gok50clx3F
Finding You , 00:03:04 , 57XqKCO5MeTbiaLSnq6dFj
Equilibrium , 00:03:03 , 0aRSGdv7ImXsxk91fTqEf5
Kebnekajse , 00:02:43 , 6WkXlCEHH8wkQ5xGytORl6
Parts of Reality , 00:03:37 , 72lTBttLvsJ7FXLhualmIN
Morgensonne , 00:03:47 , 7lP59sloyWgX1c3xA2ZTve
Magica , 00:02:57 , 75D9esOK7ASfcREQAvbtql
Suffer Well , 00:02:32 , 7sja76lX8ntiFjv7iDxX5d
Gelborn Heights , 00:03:13 , 5D1t5wq4NGB1Z1r0fkcscF
Visions of Sleep and Beyond , 00:03:01 , 3TT0S61x8x2IFUn8lnqjq9
Shaman Dreams , 00:03:06 , 3O9i7hYrsLU99msJcjPOCL
Scintillans , 00:03:40 , 4zI7J4c58Br1tY10NDyhlR
Echoes , 00:03:14 , 0KIZ5Ser293PTUtY1x6Gha
Cosmos , 00:04:31 , 211l6gKeErP58kN2gvzuQZ
La Torre Del Sueno , 00:03:50 , 350OnYMO9dRxFJ7feR1YYv
Calling , 00:03:11 , 682LbPTgwSkwOQGS16OsW5
Kyoto , 00:02:42 , 5DuALA01mvSWTNM9xi2Rqm
New Endings , 00:03:08 , 2IAZza3wdiTYT8QtO0hbLv
Phenomena , 00:02:46 , 1Naf16ekAHVTzYhhxoZCnQ
Earth , 00:03:24 , 6UFSJF8pGDYJelHoadqPEe
Nefelibata , 00:03:00 , 07MRGolhqppoqEWDV5aZhJ
St Germain 54 , 00:02:54 , 21TG8QkajgXY6rWjIK5dFO
Sun Gazer , 00:04:30 , 1EXOPJwnGEJfBnScmeaESH
Going Home , 00:03:36 , 2ogguaH3LQ2H8gsKKVypYU
Campanis , 00:03:04 , 3dKEGve9GLAg0q8REFQpgY
From Shores To Mountains , 00:02:25 , 5kOy4Ap0QsN24vCL9H3KTt
La pluie de Saint Michel , 00:02:31 , 3qEJ0eRAf40TTrofN7rmP7
Quiet Dreams , 00:03:24 , 6jJkW2RUsOHCe4hiIk1tED
Mind-Drift , 00:04:00 , 53sNuDhuyhtVTPNXbk4dEN
I Know You're Here , 00:03:25 , 15IzXs0Oln8qBHIJUYLSzM
Rebirth , 00:03:23 , 4GlveryProx302jQ9hHjqe
Deep Dream , 00:03:44 , 6uZqFdxRsSXgswqtKKBYK7
The Healing Process , 00:02:41 , 23puVz6Rhiq8Wax9KxnZtW
Barceloneta , 00:04:10 , 1jBmAt2PKYf86TeUPdamF3
Allow Me To Dream , 00:03:37 , 5o9SpNcnJqJV4Cj9tpnKEo
Alvás , 00:03:30 , 6FXM5nY7ubX4pWqLPn2gcl
Kvikkjokk , 00:03:21 , 5fqtStRCkILhIDMdQFyg9K
Sangre , 00:03:46 , 6eck4C7AFDsmv8AAwozNa1
Mindstiller , 00:03:36 , 2IA4wO7fwVunvFQuWeksm8
Gentle Cure , 00:02:54 , 3a4HwrietoocD2toa1Pezg
Floating , 00:02:25 , 4BoKls3fZWdNJLgpoG8xcM
Nature , 00:03:18 , 2hNvIVkTOLl86RJ2i3C72n
Twin Peaks Theme , 00:03:30 , 3eIxdm9dIgW7gtVdrIhanL
Incubations , 00:03:09 , 1uO9ZJFzDuwQ2XzmHt5TmN
The Age of the Earth , 00:03:19 , 3vDKBXhismlvnpXbm9DAdc
Lost and Found , 00:01:55 , 4ZyDRqls8dAig1XSfECoDS
Divine , 00:04:49 , 49WYvbLAlLn9e663fBmCUl
Skylines , 00:02:46 , 3WeYjOyamokKdl3cvQysZq
In my quiet hour , 00:02:06 , 4YhwpzwqfWEt04ki6wLUVk
Mellifluous , 00:01:58 , 1vSqYZ2q0cvwlWNAzkzeOq
Sueño tranquilo , 00:03:02 , 7vCDAK4DJNr1GHYEG3Ylyp
Moment of Clarity , 00:02:21 , 1h7XRTgZYY0TYDjYDnLfju
Observations From A Faraway Place , 00:02:22 , 5H14dJbhKeaU1ffTMmIGJi
Mind Retreat , 00:02:57 , 2c15DLDKQDhMVWk3CQ2GZ4
Relajación espiritual , 00:03:10 , 7kbiF2WwENN3Z5yOZ2X0R2
The Art Of Love , 00:03:05 , 7hXKIp3IX3nrvHkq34zbMG
Relaxation , 00:03:36 , 7xD5j8ZCGDAPTTH5EfAVRf
First Bridge , 00:02:08 , 09g7JMQLhGPspMm1hfeqCc
legacy , 00:04:09 , 4EWCM7S4DAtpSJ0BOiM9LK
Without , 00:04:04 , 1MTVl5IOywFaOQWcFvVpIs
Elixir , 00:02:24 , 3qdcjaWIyUvivaO5lcpe0J
Jocelyn , 00:02:26 , 1Vv5St0rzB3054EvkADdQi
Insomniac , 00:04:21 , 1CgE3BgULa6UIBk5R3fa7t
Coast , 00:06:13 , 5qvo43hXyTAY1YN0pWtPil
Legend Of Zea , 00:03:14 , 3tzNYs0IcqBBy0eSvyAwB6